{
  "format": "vibe-third-party-benchmark-delta-v1",
  "generated_at_epoch_s": 1772043591,
  "generated_at_utc": "2026-02-25T18:19:51Z",
  "timestamp_id": "20260225_181951Z",
  "baseline_results": "reports/benchmarks/third_party/history/20260225_180155Z_full_results.json",
  "candidate_results": "reports/benchmarks/third_party/latest/results.json",
  "runtime_geomean_delta": {
    "c": {
      "before": 0.08958636803331886,
      "after": 0.10170879686570991,
      "delta_abs": 0.01212242883239105,
      "delta_pct": 13.531555189158343
    },
    "cpp": {
      "before": 0.10005786787696944,
      "after": 0.11209678687403749,
      "delta_abs": 0.012038918997068049,
      "delta_pct": 12.031956359364996
    },
    "elixir": {
      "before": 0.003160683821354428,
      "after": 0.0035349174159278593,
      "delta_abs": 0.00037423359457343115,
      "delta_pct": 11.840273046136678
    },
    "go": {
      "before": 0.04720831696145508,
      "after": 0.0367841692548551,
      "delta_abs": -0.010424147706599982,
      "delta_pct": -22.081167848265274
    },
    "kotlin": {
      "before": 2.696344371098262,
      "after": 1.875803155477781,
      "delta_abs": -0.8205412156204812,
      "delta_pct": -30.43161787551129
    },
    "python": {
      "before": 0.0055895521161237905,
      "after": 0.005123117759170787,
      "delta_abs": -0.00046643435695300356,
      "delta_pct": -8.34475369873577
    }
  },
  "compile_cold_delta": {
    "elixir": {
      "before": 0.35468083597106037,
      "after": 0.35734381708896296,
      "delta_abs": 0.0026629811179025853,
      "delta_pct": 0.7508105450952154
    },
    "go": {
      "before": 1.0430686690362991,
      "after": 1.0035365145930866,
      "delta_abs": -0.039532154443212564,
      "delta_pct": -3.7899858002385107
    },
    "kotlin": {
      "before": 0.31237222850512253,
      "after": 0.3183161499214493,
      "delta_abs": 0.0059439214163267695,
      "delta_pct": 1.9028328621823358
    }
  }
}
