{
  "format": "vibe-third-party-benchmark-delta-v1",
  "generated_at_epoch_s": 1772010828,
  "generated_at_utc": "2026-02-25T09:13:48Z",
  "timestamp_id": "20260225_091348Z",
  "baseline_results": "reports/benchmarks/third_party/history/20260225_090128Z_full_results.json",
  "candidate_results": "reports/benchmarks/third_party/full/results.json",
  "runtime_geomean_delta": {
    "c": {
      "before": 0.0,
      "after": 0.7937962277143691,
      "delta_abs": 0.7937962277143691,
      "delta_pct": 0.0
    },
    "cpp": {
      "before": 0.0,
      "after": 0.6833080333924565,
      "delta_abs": 0.6833080333924565,
      "delta_pct": 0.0
    },
    "elixir": {
      "before": 0.0,
      "after": 0.0031858435629829184,
      "delta_abs": 0.0031858435629829184,
      "delta_pct": 0.0
    },
    "go": {
      "before": 0.0,
      "after": 0.425545324645605,
      "delta_abs": 0.425545324645605,
      "delta_pct": 0.0
    },
    "python": {
      "before": 0.0,
      "after": 0.022313239449054226,
      "delta_abs": 0.022313239449054226,
      "delta_pct": 0.0
    }
  },
  "compile_cold_delta": {
    "elixir": {
      "before": 0.0,
      "after": 0.3131439114659786,
      "delta_abs": 0.3131439114659786,
      "delta_pct": 0.0
    },
    "go": {
      "before": 0.0,
      "after": 1.0056436631594665,
      "delta_abs": 1.0056436631594665,
      "delta_pct": 0.0
    },
    "kotlin": {
      "before": 0.0,
      "after": 0.3048393482809389,
      "delta_abs": 0.3048393482809389,
      "delta_pct": 0.0
    }
  }
}
