{
  "format": "vibe-third-party-benchmark-delta-v1",
  "generated_at_epoch_s": 1772042652,
  "generated_at_utc": "2026-02-25T18:04:12Z",
  "timestamp_id": "20260225_180412Z",
  "baseline_results": "reports/benchmarks/third_party/history/20260225_091020Z_full_results.json",
  "candidate_results": "reports/benchmarks/third_party/latest/results.json",
  "runtime_geomean_delta": {
    "c": {
      "before": 0.7937962277143691,
      "after": 0.08958636803331886,
      "delta_abs": -0.7042098596810502,
      "delta_pct": -88.71418571850978
    },
    "cpp": {
      "before": 0.6833080333924565,
      "after": 0.10005786787696944,
      "delta_abs": -0.583250165515487,
      "delta_pct": -85.35684303604529
    },
    "elixir": {
      "before": 0.0031858435629829184,
      "after": 0.003160683821354428,
      "delta_abs": -2.515974162849025e-05,
      "delta_pct": -0.7897356267215168
    },
    "go": {
      "before": 0.425545324645605,
      "after": 0.04720831696145508,
      "delta_abs": -0.3783370076841499,
      "delta_pct": -88.90639510591022
    },
    "kotlin": {
      "before": 0.0,
      "after": 2.696344371098262,
      "delta_abs": 2.696344371098262,
      "delta_pct": 0.0
    },
    "python": {
      "before": 0.022313239449054226,
      "after": 0.0055895521161237905,
      "delta_abs": -0.016723687332930434,
      "delta_pct": -74.949616218273
    }
  },
  "compile_cold_delta": {
    "elixir": {
      "before": 0.3131439114659786,
      "after": 0.35468083597106037,
      "delta_abs": 0.041536924505081785,
      "delta_pct": 13.264484150634539
    },
    "go": {
      "before": 1.0056436631594665,
      "after": 1.0430686690362991,
      "delta_abs": 0.03742500587683262,
      "delta_pct": 3.721497708169626
    },
    "kotlin": {
      "before": 0.3048393482809389,
      "after": 0.31237222850512253,
      "delta_abs": 0.007532880224183636,
      "delta_pct": 2.4710983889262748
    }
  }
}
